수준,어휘,길잡이말,품사
초급,가게,에 가다,명사
초급,가격03,이 비싸다,명사
초급,가구04,책상,명사
초급,가깝다,거리가,형용사
초급,가끔,가끔 보다,부사
초급,가늘다,손가락이,형용사
초급,가다01,학교에,동사
초급,가득01,가득 담다,부사
초급,가르치다01,한국어를,동사
초급,가리키다01,손가락으로,동사
초급,가방01,을 메다,명사
초급,가볍다,짐이,형용사
초급,가수11,직업,명사
초급,가슴01,신체,명사
초급,가요02,를 부르다,명사
초급,가운데,가운데 자리,명사
초급,가위01,로 자르다,명사
초급,가을01,계절,명사
초급,가장01,가장 빠르다,부사
초급,가져가다,집에,동사
초급,가져오다,학교로,동사
초급,가족01,식구,명사
초급,가지04,몇,의존명사
초급,가지다,돈을,동사
초급,각각01,각각 다르다,부사/명사
초급,간단하다02,간단한 설명,형용사
초급,간단히,간단히 끝내다,부사
초급,간식02,을 먹다,명사
초급,간장01,을 넣다,명사
초급,간호사,로 일하다,명사
초급,갈비01,를 먹다,명사
초급,갈비탕,을 먹다,명사
초급,갈색,색깔,명사
초급,갈아입다,옷을,동사
초급,갈아타다,기차를,동사
초급,감01,과일,명사
초급,감기04,에 걸리다,명사
초급,감기약,을 먹다,명사
초급,감다01,눈을,동사
초급,감다02,머리를,동사
초급,감사08,감사 인사,명사
초급,감자01,채소,명사
초급,갑자기,갑자기 나타나다,부사
초급,값,을 깎다,명사
초급,강01,을 건너다,명사
초급,강아지,를 키우다,명사
초급,강하다02,힘이,형용사
초급,갖다01,돈을,동사
초급,같다,서로 같다,형용사
초급,같이,같이 살다,부사
초급,갚다,돈을,동사
초급,개03,동물,명사
초급,개10,한 개,의존명사
초급,개월,삼 개월,의존명사
초급,거01,것,의존명사
초급,거기01,거기에 있다,대명사
초급,거리01,로 나가다,명사
초급,거리08,가 가깝다,명사
초급,거실02,집,명사
초급,거울01,을 보다,명사
초급,거의01,거의 없다,부사/명사
초급,거절01,을 하다,명사
초급,거짓말,을 하다,명사
초급,걱정,이 되다,명사
초급,건강03,이 나빠지다,명사
초급,건너가다,길을,동사
초급,건너다,길을,동사
초급,건너편,으로 가다,명사
초급,건물03,을 짓다,명사
초급,걷다02,길을,동사
초급,걸다02,그림을,동사
초급,걸리다01,그림이,동사
초급,걸어가다,학교에,동사
초급,걸어오다01,집에,동사
초급,걸음,이 느리다,명사
초급,검사03,숙제 검사,명사
초급,검은색,색깔,명사
초급,검정01,색깔,명사
초급,것01,먹을 것,의존명사
초급,겉01,안과 겉,명사
초급,게으르다,사람이,형용사
초급,게임,컴퓨터 게임,명사
초급,겨울,계절,명사
초급,결과02,가 나오다,명사
초급,결석01,을 하다,명사
초급,결심01,을 하다,명사
초급,결정01,을 내리다,명사
초급,결혼,을 하다,명사
초급,결혼식,을 올리다,명사
초급,경기11,를 보다,명사
초급,경찰04,경찰 조사(기관),명사
초급,경찰서,에 신고하다,명사
초급,경치02,가 좋다,명사
초급,경험,을 쌓다,명사
초급,계단04,을 오르다,명사
초급,계란,을 먹다,명사
초급,계산01,이 정확하다,명사
초급,계속04,계속 달리다,부사/명사
초급,계시다,한국에,동사
초급,계절01,이 바뀌다,명사
초급,계획01,을 세우다,명사
초급,고개01,를 들다,명사
초급,고기01,를 먹다,명사
초급,고등학교,에 입학하다,명사
초급,고등학생,이 되다,명사
초급,고르다01,선물을,동사
초급,고맙다01,마음이,형용사
초급,고모01,친척,명사
초급,고민,을 나누다,명사
초급,고속버스,를 타다,명사
초급,고양이,를 기르다,명사
초급,고장11,이 나다,명사
초급,고추장,을 넣다,명사
초급,고치다01,컴퓨터를,동사
초급,고프다,배가,형용사
초급,고향02,에 가다,명사
초급,곧01,곧 가다,부사
초급,곳01,어느 곳,명사
초급,공01,을 굴리다,명사
초급,공무원,으로 일하다,명사
초급,공부01,를 하다,명사
초급,공원03,에서 놀다,명사
초급,공장02,에서 일하다,명사
초급,공짜,로 주다,명사
초급,공책01,에 쓰다,명사
초급,공항02,공항 터미널,명사
초급,공휴일,로 정하다,명사
초급,과거03,를 잊다,명사
초급,과일01,을 깎다,명사
초급,과자02,를 먹다,명사
초급,관계05,를 맺다,명사
초급,관광02,국내 관광,명사
초급,관광객,외국인 관광객,명사
초급,관광지,국내 관광지,명사
초급,관심01,을 가지다,명사
초급,광고02,신문 광고,명사
초급,광주01,지명,명사
초급,괜찮다,성격이,형용사
초급,괴로워하다,통증으로,동사
초급,교과서,에서 배우다,명사
초급,교사09,수학 교사,명사
초급,교수06,대학 교수,명사
초급,교실,에 들어가다,명사
초급,교육,을 받다,명사
초급,교통01,교통 수단,명사
초급,교통비,가 들다,명사
초급,교통사고,가 나다,명사
초급,교환01,을 하다,명사
초급,교회02,기독교,명사
초급,구01,숫자,수사/관형사
초급,구경01,을 다니다,명사
초급,구두01,를 신다,명사
초급,구름01,이 끼다,명사
초급,구십,구십 살,수사/관형사
초급,구월02,달(월),명사
초급,국01,을 끓이다,명사
초급,국내02,국내 여행,명사
초급,국수01,를 먹다,명사
초급,국적02,대한민국 국적,명사
초급,국제02,국제 관계,명사
초급,군인,직업 군인,명사
초급,굳다,땅이,동사/형용사
초급,굵다,손가락이,형용사
초급,굽다01,고기를,동사
초급,궁금하다01,소식이,형용사
초급,권01,책 한 권,의존명사
초급,귀01,로 듣다,명사
초급,귀걸이,를  달다,명사
초급,귀여워하다,강아지를,동사
초급,귀엽다,얼굴이,형용사
초급,귀찮다,일이,형용사
초급,규칙02,을 어기다,명사
초급,귤,을 까다,명사
초급,그01,그 사람,관형사/대명사
초급,그거,그것,대명사
초급,그것,−,대명사
초급,그곳,에 가다,대명사
초급,그날,그날 일,명사
초급,그냥,그냥 가다,부사
초급,그대로,그대로 두다,부사
초급,그동안,그동안 잘 지내다,명사
초급,그때,그때 그시절,명사
초급,그래01,대답,감탄사
초급,그래서,−,부사
초급,그러나,−,부사
초급,그러니까,−,부사
초급,그러면,−,부사
초급,그러므로,−,부사
초급,그런01,그런 사람,관형사
초급,그런데,−,부사
초급,그럼01,그러면,부사
초급,그럼02,"그럼, 당연하지",감탄사
초급,그렇다,사정이,형용사
초급,그렇지만,−,부사
초급,그릇01,에 담다,명사
초급,그리고,−,부사
초급,그리다02,그림을,동사
초급,그림01,을 그리다,명사
초급,그립다,가족이,형용사
초급,그만02,그만 먹다,부사
초급,그만두다,학교를,동사
초급,그분,을 만나다,대명사
초급,그저께,그저께 밤,부사/명사
초급,그쪽,으로 가다,대명사
초급,그치다,비가,동사
초급,극장,에서 상영하다,명사
초급,근처,집 근처,명사
초급,글,을 쓰다,명사
초급,글쎄01,"글쎄, 잘 몰라요",감탄사
초급,글쎄요,글쎄요. 몰라요.,감탄사
초급,글씨,를 쓰다,명사
초급,글자,를 쓰다,명사
초급,금방01,방금,부사
초급,금요일,요일,명사
초급,금지04,통행 금지,명사
초급,급하다,사정이,형용사
초급,기간07,이 지나다,명사
초급,기다리다,버스를,동사
초급,기르다,개를,동사
초급,기름01,에 튀기다,명사
초급,기말시험,을 보다,명사
초급,기분01,이 좋다,명사
초급,기뻐하다,졸업을,동사
초급,기쁘다,마음이,형용사
초급,기쁨,을 나누다,명사
초급,기숙사,에서 살다,명사
초급,기억02,이 나다,명사
초급,기억나다,이름이,동사
초급,기온,이 높다,명사
초급,기자05,신문 기자,명사
초급,기차01,를 타다,명사
초급,기차역,에 도착하다,명사
초급,기차표,를 끊다,명사
초급,기침01,이 나다,명사
초급,기타02,를 치다,명사
초급,기회03,를 놓치다,명사
초급,긴장,을 풀다,명사
초급,길01,이 막히다,명사
초급,길다02,다리가,형용사
초급,길이01,를 재다,명사
초급,김03,을 먹다,명사
초급,김밥,을 싸다,명사
초급,김치01,를 담그다,명사
초급,김치찌개,를 끓이다,명사
초급,깊다,바다가,형용사
초급,깊이02,깊이 묻다,부사
초급,까만색,색깔,명사
초급,까맣다,밤하늘이,형용사
초급,깎다,사과를,동사
초급,깜짝02,깜짝 놀라다,부사
초급,깨끗이,깨끗이 씻다,부사
초급,깨끗하다,옷이 ,형용사
초급,깨다01,잠이,동사
초급,꺼내다,가방에서,동사
초급,껌,을 씹다,명사
초급,꼭03,꼭 필요하다,부사
초급,꽃01,이 피다,명사
초급,꽃다발,을 선물하다,명사
초급,꽃병,을 깨뜨리다,명사
초급,꽃집,을 열다,명사
초급,꾸다01,꿈을,동사
초급,꿈01,을 꾸다,명사
초급,끄다01,불을,동사
초급,끊다,담배를,동사
초급,끓다,물이,동사
초급,끓이다01,물을,동사
초급,끝01,시작,명사
초급,끝나다,수업이,동사
초급,끝내다,일을,동사
초급,끼다01,반지를,동사
초급,나03,나와 너,대명사/명사
초급,나가다,밖으로,동사
초급,나누다,둘로,동사
초급,나다01,수염이,동사
초급,나라01,우리 나라,명사
초급,나머지,나머지 돈,명사
초급,나무01,를 심다,명사
초급,나쁘다01,공기가,형용사
초급,나오다,밖에,동사
초급,나이01,가 많다,명사
초급,나중01,에 깨닫다,명사
초급,나타나다,건물이,동사
초급,나흘,이 걸리다,명사
초급,낚시,를 가다,명사
초급,날01,마지막 날,명사/의존명사
초급,날다01,새가,동사
초급,날씨01,가 좋다,명사
초급,날씬하다,몸매가,형용사
초급,날아다니다,나비가,동사
초급,날짜01,를 정하다,명사
초급,남01,타인,명사
초급,남기다,음식을,동사
초급,남녀,남녀 평등,명사
초급,남다01,시간이,동사
초급,남대문,고적,명사
초급,남동생,을 돌보다,명사
초급,남산02,지명,명사
초급,남성01,여성,명사
초급,남자02,여자,명사
초급,남쪽,북쪽,명사
초급,남편01,아내,명사
초급,남학생,여학생,명사
초급,낫다01,병이,동사
초급,낫다02,더 낫다,형용사
초급,낮,밤,명사
초급,낮다,산이,형용사
초급,낮잠,을 자다,명사
초급,내04,내가,대명사
초급,내과01,병원,명사
초급,내년,내년 여름,명사
초급,내다02,문제를,동사
초급,내려가다,아래로,동사
초급,내려오다,아래로,동사
초급,내리다01,비가,동사
초급,내용02,수업 내용,명사
초급,내일,로 미루다,명사/부사
초급,냄비,에 끓이다,명사
초급,냄새,를 맡다,명사
초급,냉면,을 먹다,명사
초급,냉장고,에 넣다,명사
초급,너01,나,대명사
초급,너무01,너무 심하다,부사
초급,너희,너희 가족,대명사
초급,넓다,집이,형용사
초급,넘다01,세 시간이,동사
초급,넘어지다,자전거가,동사
초급,넣다,책을,동사
초급,네01,네가,대명사
초급,네02,숫자(4),관형사
초급,네03,대답,감탄사
초급,넥타이,를 매다,명사
초급,넷01,숫자,수사
초급,넷째,넷째 시간,수사·관형사/명사
초급,년02,2015년,의존명사
초급,노란색,색깔,명사
초급,노랗다,병아리가,형용사
초급,노래01,를 부르다,명사
초급,노래방,에 가다,명사
초급,노력01,을 하다,명사
초급,노인01,을 공경하다,명사
초급,노트02,에 쓰다,명사
초급,녹색,색깔,명사
초급,녹차01,를 마시다,명사
초급,놀다01,친구와 놀다,동사
초급,놀라다,깜짝 놀라다,동사
초급,놀이01,인형 놀이,명사
초급,농구06,농구 경기,명사
초급,농담01,을 주고받다,명사
초급,높다,산이,형용사
초급,높이01,가 높다,명사
초급,높이02,높이 날다,부사
초급,놓다01,펜을,동사
초급,누구,거기 누구 계세요?,대명사
초급,누나01,사촌 누나,명사
초급,누르다01,버튼을,동사
초급,눈01,이 작다,명사
초급,눈04,날씨,명사
초급,눈물01,이 흐르다,명사
초급,눕다01,바닥에,동사
초급,뉴스,를 보다,명사
초급,느끼다02,추위를,동사
초급,느낌,이 좋다,명사
초급,느리다01,걸음이,형용사
초급,늘,늘 만나다,부사
초급,늘다01,면적이,동사
초급,늙다,사람이,동사
초급,능력02,이 있다,명사
초급,늦다,시계가,형용사/동사
초급,다03,모두,부사/명사
초급,다녀오다,학교에,동사
초급,다니다,회사에,동사
초급,다르다01,모양이,형용사
초급,다른,다른 나라,관형사
초급,다리01,가 길다,명사
초급,다리02,를 건너다,명사
초급,다림질,을 하다,명사
초급,다섯,다섯 개,수사·관형사
초급,다섯째,다섯째 사람,수사·관형사/명사
초급,다시01,다시 시작하다,부사
초급,다양,다양한 방법,명사
초급,다음01,다음 날,명사
초급,다음날,에 만나다,명사
초급,다이어트,에 성공하다,명사
초급,다치다01,팔을,동사
초급,다하다,기력이,동사
초급,닦다01,구두를,동사
초급,단순02,단순 노동,명사
초급,단어,를 외우다,명사
초급,단추01,가 떨어지다,명사
초급,단풍01,이 들다,명사
초급,닫다02,문을,동사
초급,달05,다음 달,명사/의존명사
초급,달걀,을 삶다,명사
초급,달다07,맛이,형용사
초급,달력,을 걸다,명사
초급,달리기,가 빠르다,명사
초급,달리다04,빨리 달리다,동사
초급,닭,을 키우다,명사
초급,닭고기,를 볶다,명사
초급,닮다,아빠를,동사
초급,담배,를 피우다,명사
초급,답03,이 없다,명사
초급,답답하다,가슴이,형용사
초급,답장,을 보내다,명사
초급,대16,차 한 대,의존명사
초급,대구03,에 살다,명사
초급,대답,을 기다리다,명사
초급,대부분,대부분의 시간,명사/부사
초급,대사관,미국 대사관,명사
초급,대전01,지명,명사
초급,대학01,에 들어가다,명사
초급,대학교,에 입학하다,명사
초급,대학생,이 되다,명사
초급,대학원,을 다니다,명사
초급,대화06,를 나누다,명사
초급,대회02,가 열리다,명사
초급,댁01,선생님 댁,명사/대명사
초급,더01,하나 더,부사
초급,더럽다,손이,형용사
초급,더욱,더욱 좋다,부사
초급,덕분,부모님 덕분,명사
초급,던지다,공을,동사
초급,덥다01,날씨가,형용사
초급,데려가다,아이를,동사
초급,데려오다,친구를,동사
초급,데이트,를 신청하다,명사
초급,도05,영상 일 도,의존명사
초급,도로07,를 건너다,명사
초급,도서관,에서 공부하다,명사
초급,도시03,를 건설하다,명사
초급,도와주다,일을,동사
초급,도움,을 받다,명사
초급,도착01,도착 시간,명사
초급,독서03,를 하다,명사
초급,독일,나라,명사
초급,돈01,을 벌다,명사
초급,돈가스,를 먹다,명사
초급,돌02,을 던지다,명사
초급,돌다,바퀴가,동사
초급,돌려주다,책을,동사
초급,돌리다04,바퀴를,동사
초급,돌아가다,바퀴가,동사
초급,돌아오다,학교에서,동사
초급,돕다,아버지를,동사
초급,동네,동네 사람,명사
초급,동대문,고적,명사
초급,동물,을 키우다,명사
초급,동물원,에 가다,명사
초급,동생01,이 태어나다,명사
초급,동시02,에 일어나다,명사
초급,동안01,며칠 동안,명사
초급,동전05,백 원짜리 동전,명사
초급,동쪽,방향,명사
초급,돼지,를 기르다,명사
초급,돼지고기,를 먹다,명사
초급,되다01,배우가,동사
초급,-되다05,취소되다,접사
초급,된장,에 찍다,명사
초급,된장찌개,를 먹다,명사
초급,두01,숫자,관형사
초급,두껍다,책이,형용사
초급,두다01,책상 위에,동사
초급,두부01,를 먹다,명사
초급,두세,두세 개,관형사
초급,두통,을 앓다,명사
초급,둘01,숫자,수사
초급,둘째,둘째 딸,수사·관형사/명사
초급,뒤01,에 있다,명사
초급,뒤쪽01,방향,명사
초급,드디어,드디어 끝나다,부사
초급,드라마,를 보다,명사
초급,드리다01,용돈을,동사
초급,듣다01,음악을,동사
초급,들다01,돈이,동사
초급,들다04,가방을,동사
초급,들르다,서점에,동사
초급,들리다03,소리가,동사
초급,들어가다01,방으로,동사
초급,들어오다,학교로,동사
초급,등01,신체,명사
초급,등산,을 가다,명사
초급,디자인,이 예쁘다,명사
초급,따뜻하다,방 안이,형용사
초급,따로,따로 분리하다,부사
초급,딸01,아들,명사
초급,딸기,과일,명사
초급,땀01,이 나다,명사
초급,땅01,에 떨어지다,명사
초급,때01,어릴 때,명사
초급,떠나다,어디론가,동사
초급,떠들다01,시끄럽게,동사
초급,떡01,음식,명사
초급,떡국,음식,명사
초급,떡볶이,음식,명사
초급,떨어지다,낭떠러지로 ,동사
초급,또,또 생기다,부사
초급,또는,남자 또는 여자,부사
초급,똑같다,모양이,형용사
초급,똑같이,똑같이 나누다,부사
초급,똑똑하다,머리가,형용사
초급,똑바로,똑바로 가다,부사
초급,뚱뚱하다,몸매가,형용사
초급,뛰다02,운동장을,동사
초급,뛰어가다,학교로,동사
초급,뜨겁다,국물이,형용사
초급,뜨다05,눈을,동사
초급,뜻,이 어렵다,명사
초급,라디오,를 켜다,명사
초급,라면01,음식,명사
초급,러시아,나라,명사
초급,레스토랑,에서 먹다,명사
초급,마당,이 넓다,명사
초급,마르다01,물기가,동사
초급,마리01,한 마리,의존명사
초급,마시다,물을,동사
초급,마을01,에 살다,명사
초급,마음01,이 따뜻하다,명사
초급,마중01,을 가다,명사
초급,마지막,마지막 경기,명사
초급,마치다02,일을,동사
초급,마트,에서 사다,명사
초급,마흔,마흔 개,수사·관형사
초급,막걸리,를 마시다,명사
초급,막히다,통로가,동사
초급,만06,숫자,수사·관형사
초급,만나다,친구를,동사
초급,만두01,음식,명사
초급,만들다,음식을,동사
초급,만약,만약의 경우,명사
초급,만일01,에 대비하다,명사
초급,만지다,손을,동사
초급,만화10,를 그리다,명사
초급,많다,돈이,형용사
초급,많이,많이 사다,부사
초급,말01,을 하다,명사
초급,말04,을 타다,명사
초급,말11,학기 말,의존명사
초급,말다03,걱정을,동사
초급,말레이시아,나라,명사
초급,말씀,이 없다,명사
초급,맑다01,공기가,형용사
초급,맛01,이 달다,명사
초급,맛없다,음식이,형용사
초급,맛있다,음식이,형용사
초급,맞다01,답이,동사
초급,맞추다01,답을,동사
초급,매년,매년 증가하다,명사/부사
초급,매다01,신발 끈을,동사
초급,매달,매달 만나다,명사/부사
초급,매우01,매우 좋다,부사
초급,매일,매일 만나다,명사/부사
초급,매주01,매주 만나다,명사/부사
초급,매표소,극장 매표소,명사
초급,맥주,를 마시다,명사
초급,맵다,고추가,형용사
초급,머리01,가 크다,명사
초급,머리카락,을 자르다,명사
초급,먹다02,밥을,동사
초급,먼저,먼저 가다,명사/부사
초급,멀다02,거리가,형용사
초급,멀리01,멀리 가다,부사
초급,멈추다,피가,동사
초급,멋01,을 내다,명사
초급,멋있다,옷이 ,형용사
초급,메뉴,를 고르다,명사
초급,메다02,가방을,동사
초급,메모,를 하다,명사
초급,메시지,를 남기다,명사
초급,메일,을 쓰다,명사
초급,며칠,이 걸리다,명사
초급,명03,한 명,의존명사
초급,명절01,을 맞다,명사
초급,몇,몇 개,수사/관형사
초급,모기01,에 물리다,명사
초급,모두01,모두 함께,명사/부사
초급,모든,모든 사람,관형사
초급,모레,시간,명사/부사
초급,모르다,규칙을,동사
초급,모습01,을 보이다,명사
초급,모시다,부모님을,동사
초급,모양02,별 모양,명사
초급,모으다,장난감을,동사
초급,모이다01,돈이,동사
초급,모임01,에 나가다,명사
초급,모자08,를 쓰다,명사
초급,모자라다,잠이,동사
초급,목01,이 길다,명사
초급,목걸이01,를 하다,명사
초급,목도리,를 하다,명사
초급,목소리,가 크다,명사
초급,목요일,요일,명사
초급,목욕,을 하다,명사
초급,목욕탕,에서 씻다,명사
초급,목적03,을 이루다,명사
초급,몸01,이 건강하다,명사
초급,못04,못 마시다,부사
초급,못생기다,얼굴이,형용사
초급,못하다,노래를,동사/형용사
초급,몽골,나라,명사
초급,무02,를 심다,명사
초급,무겁다,짐이,형용사
초급,무게,가 나가다,명사
초급,무궁화,꽃,명사
초급,무료01,로 주다,명사
초급,무릎,신체,명사
초급,무섭다,귀신이,형용사
초급,무슨,무슨 요일,관형사
초급,무엇,−,대명사
초급,무척01,무척 길다,부사
초급,문04,을 열다,명사
초급,문제06,를 풀다,명사
초급,문화01,를 교류하다,명사
초급,묻다03,길을,동사
초급,물01,을 마시다,명사
초급,물건,을 사다,명사
초급,물고기,를 잡다,명사
초급,물론01,물론 그렇다,명사/부사
초급,물어보다,길을,동사
초급,뭐,뭐라고 말하다,대명사/감탄사
초급,미국04,나라,명사
초급,미끄러지다,눈길에,동사
초급,미래02,가 밝다,명사
초급,미리01,미리 알리다,부사
초급,미술관,국립 미술관,명사
초급,미안01,인사,명사
초급,미역국,을 끓이다,명사
초급,미용실,에 가다,명사
초급,미터02,백 미터,의존명사
초급,믿다,약속을,동사
초급,밀가루,밀가루 음식,명사
초급,밀다01,문을,동사
초급,밑01,에 두다,명사
초급,바깥,에 나가다,명사
초급,바깥쪽,으로 나가다,명사
초급,바꾸다,달러를 원화로,동사
초급,바뀌다,새 것으로,동사
초급,바나나,과일,명사
초급,바다,를 건너다,명사
초급,바닥01,에 떨어지다,명사
초급,바닷가,로 나가다,명사
초급,바라다01,성공을,동사
초급,바라보다,하늘을,동사
초급,바람01,이 불다,명사
초급,바로02,바로 시작하다,부사
초급,바르다01,로션을,동사
초급,바쁘다,일이,형용사
초급,바이올린,을 켜다,명사
초급,바지01,를 입다,명사
초급,박물관,을 구경하다,명사
초급,박수02,를 치다,명사
초급,밖,안,명사
초급,반07,사과 반,명사
초급,반10,우리 반,명사
초급,반갑다,손님이,형용사
초급,반대03,로 가다,명사
초급,반드시,반드시 가다,부사
초급,반바지,를 입다,명사
초급,반지02,를 끼다,명사
초급,반찬,을 먹다,명사
초급,받다01,선물을,동사
초급,받아쓰다,노트에,동사
초급,발01,이 크다,명사
초급,발가락,신체,명사
초급,발바닥,신체,명사
초급,밝다,불빛이,동사/형용사
초급,밤01,이 깊다,명사
초급,밥01,을 하다,명사
초급,방07,이 넓다,명사
초급,방금01,방금 가다,명사/부사
초급,방문02,을 닫다,명사
초급,방문03,고향 방문,명사
초급,방법,사용 방법,명사
초급,방송01,을 보다,명사
초급,방송국,라디오 방송국,명사
초급,방학,겨울 방학,명사
초급,방향01,을 바꾸다,명사
초급,배01,신체,명사
초급,배02,를 타다,명사
초급,배03,를 먹다,명사
초급,배09,두 배,명사
초급,배달02,을 시키다,명사
초급,배드민턴,을 치다,명사
초급,배우01,연극 배우,명사
초급,배우다01,글을,동사
초급,배추01,를 다듬다,명사
초급,배탈01,이 나다,명사
초급,백05,숫자,수사·관형사
초급,백만,백만 개,수사·관형사
초급,백화점,에서 사다,명사
초급,뱀,동물,명사
초급,버릇01,이 되다,명사
초급,버리다01,휴지를,동사
초급,버스02,를 타다,명사
초급,번04,첫째 번,의존명사
초급,번째,세 번째,의존명사
초급,번호02,를 매기다,명사
초급,벌02,옷 한 벌,의존명사
초급,벌다02,돈을,동사
초급,벌써,벌써 가다,부사
초급,벗다,모자를,동사
초급,베트남,나라,명사
초급,벽06,에 걸다,명사
초급,변하다,모양이,동사
초급,변호사,직업,명사
초급,별01,이 빛나다,명사
초급,별로01,별로 없다,부사
초급,병04,에 걸리다,명사
초급,병05,을 깨다,명사
초급,병문안,을 가다,명사
초급,병원02,에 가다,명사
초급,보내다,편지를,동사
초급,보다01,신문을,동사
초급,보다02,보다 높이,부사
초급,보라색,색깔,명사
초급,보이다01,산이,동사
초급,보이다02,사진을,동사
초급,보통,이 넘다,명사/부사
초급,복습,예습,명사
초급,복잡하다,생각이,형용사
초급,볶다,고기를,동사
초급,볶음밥,음식,명사
초급,볼펜02,으로 쓰다,명사
초급,봄01,계절,명사
초급,봉투02,를 열다,명사
초급,뵙다,어른을,동사
초급,부끄럽다,부끄럽게 웃다,형용사
초급,부드럽다,머릿결이,형용사
초급,부럽다,다른 사람이 ,형용사
초급,부르다01,친구를,동사
초급,부르다02,배가,형용사
초급,부모님,께 효도하다,명사
초급,부부03,부부 싸움,명사
초급,부분01,으로 나누다,명사
초급,부산02,지명,명사
초급,부엌,에서 요리하다,명사
초급,부인01,아내,명사
초급,부자07,가 되다,명사
초급,부장07,으로 승진하다,명사
초급,부족01,산소 부족,명사
초급,부지런하다,사람이,형용사
초급,부치다02,편지를,동사
초급,부탁,을 받다,명사
초급,북쪽,방향,명사
초급,분01,아는 분,의존명사
초급,분08,60분,의존명사
초급,분명하다01,발음이,형용사
초급,분식04,을 먹다,명사
초급,분위기,어색한,명사
초급,분홍색,색깔,명사
초급,불01,을 피우다,명사
초급,불고기,음식,명사
초급,불다01,바람이,동사
초급,불쌍하다,표정이,형용사
초급,불안01,이 커지다,명사
초급,불편01,이 따르다,명사
초급,붉다01,색깔이,형용사
초급,붙다,먼지가,동사
초급,붙이다,우표를,동사
초급,블라우스,를 입다,명사
초급,비01,가 그치다,명사
초급,비교01,비교 대상,명사
초급,비누,로 씻다,명사
초급,비다01,집이,동사
초급,비디오,비디오 두 편,명사
초급,비밀,을 지키다,명사
초급,비빔밥,음식,명사
초급,비슷하다02,성격이,형용사
초급,비싸다,값이,형용사
초급,비행기,를 타다,명사
초급,빌딩,을 짓다,명사
초급,빌리다,돈을,동사
초급,빠르다,걸음이,형용사
초급,빠지다02,강에,동사
초급,빨간색,색깔,명사
초급,빨갛다,사과가,형용사
초급,빨다02,옷을,동사
초급,빨래,를 하다,명사
초급,빨리,빨리 걷다,부사
초급,빵01,을 먹다,명사
초급,빵집,에서 일하다,명사
초급,빼다01,이를,동사
초급,뽑다,이를,동사
초급,사11,숫자,수사/관형사
초급,사거리01,를 건너다,명사
초급,사계절,이 뚜렷하다,명사
초급,사고12,가 나다,명사
초급,사과05,과일,명사
초급,사귀다,친구를,동사
초급,사다,물건을,동사
초급,사람,이 살다,명사
초급,사랑01,연인 간의,명사
초급,사무실,에 출근하다,명사
초급,사실04,을 밝히다,명사/부사
초급,사십,숫자,수사/관형사
초급,사업04,사업 수완,명사
초급,사용04,을 하다,명사
초급,사월02,달(월),명사
초급,사이01,에 놓다,명사
초급,사이다02,를 마시다,명사
초급,사이즈01,가 크다,명사
초급,사장15,이 되다,명사
초급,사전22,을 찾다,명사
초급,사진06,카메라,명사
초급,사탕02,을 먹다,명사
초급,사흘,시간,명사
초급,산01,에 오르다,명사
초급,산책,을 나가다,명사
초급,살01,이 찌다,명사
초급,살04,세 살,의존명사
초급,살다01,오래 ,동사
초급,삼06,삼 년,수사/관형사
초급,삼거리,가 나오다,명사
초급,삼겹살,음식,명사
초급,삼계탕,음식,명사
초급,삼십,숫자,수사/관형사
초급,삼월,달(월),명사
초급,삼촌,친척,명사
초급,상25,을 받다,명사
초급,상자09,에 넣다,명사
초급,상처02,가 낫다,명사
초급,상추01,식물,명사
초급,상품03,을 팔다,명사
초급,새03,동물,명사
초급,새06,새 옷,관형사
초급,새로,새로 사다,부사
초급,새롭다,기억이,형용사
초급,새벽01,에 일어나다,명사
초급,새해,가 다가오다,명사
초급,색03,색깔,명사
초급,색깔,이 진하다,명사
초급,샌드위치,음식,명사
초급,생각01,에 빠지다,명사
초급,생각나다,할 말이,동사
초급,생기다,건물이,동사
초급,생선,을 굽다,명사
초급,생신02,생일,명사
초급,생일02,파티,명사
초급,생활,직장 생활,명사
초급,샤워,를 하다,명사
초급,서너,서너 개,관형사
초급,서다01,똑바로 서다,동사
초급,서두르다,준비를,동사
초급,서랍,을 닫다,명사
초급,서로01,서로 믿다,부사
초급,서류02,문서,명사
초급,서른,숫자,수사·관형사
초급,서비스,서비스 정신,명사
초급,서양,동양,명사
초급,서울01,도시,명사
초급,서점03,책방,명사
초급,서쪽,방향,명사
초급,섞다,물을,동사
초급,선물03,을 받다,명사
초급,선배,후배,명사
초급,선생님,국어 선생님,명사
초급,선선하다01,날씨가,형용사
초급,선수05,축구 선수,명사
초급,선택,을 하다,명사
초급,선풍기,를 켜다,명사
초급,설거지,를 하다,명사
초급,설날,명절,명사
초급,설렁탕,음식,명사
초급,설명,을 듣다,명사
초급,설탕,을 넣다,명사
초급,섬03,제주도,명사
초급,섭섭하다01,서운하다,형용사
초급,성06,김 씨,명사
초급,성격02,이 좋다,명사
초급,성공01,실패,명사
초급,성적04,을 거두다,명사
초급,성함,을 묻다,명사
초급,세01,숫자,관형사
초급,세13,삼십 세,의존명사
초급,세계02,세계 여행,명사
초급,세다03,주먹이,형용사
초급,세배,를 드리다,명사
초급,세상01,이 넓다,명사
초급,세수04,얼굴,명사
초급,세우다01,자리에서,동사
초급,세탁,을 하다,명사
초급,세탁기,를 돌리다,명사
초급,세탁소,에 옷을 맡기다,명사
초급,센터02,쇼핑 센터,명사
초급,센티미터,단위,의존명사
초급,셋,숫자,수사
초급,셋째,숫자,수사·관형사/명사
초급,소03,동물,명사
초급,소개02,직업 소개,명사
초급,소고기,를 먹다,명사
초급,소금01,이 짜다,명사
초급,소리01,가 나다,명사
초급,소설03,고전 소설,명사
초급,소식04,을 듣다,명사
초급,소주05,를 마시다,명사
초급,소중하다,친구가,형용사
초급,소파06,가구,명사
초급,소포01,우편,명사
초급,소풍02,을 가다,명사
초급,소화제01,약,명사
초급,속01,주머니 속,명사
초급,속도01,가 빠르다,명사
초급,속옷,을 입다,명사
초급,손01,신체,명사
초급,손가락,신체,명사
초급,손녀,를 돌보다,명사
초급,손님,이 없다,명사
초급,손바닥,신체,명사
초급,손수건,으로 닦다,명사
초급,송편,음식,명사
초급,쇼핑,을 가다,명사
초급,수26,숫자,명사
초급,수건,으로 닦다,명사
초급,수고01,를 하다,명사
초급,수박01,을 먹다,명사
초급,수술05,을 받다,명사
초급,수업04,을 받다,명사
초급,수영02,을 배우다,명사
초급,수영복,을 입다,명사
초급,수영장,에 다니다,명사
초급,수요일,요일,명사
초급,수저01,를 놓다,명사
초급,수첩01,에 쓰다,명사
초급,숙제03,를 하다,명사
초급,순두부찌개,음식,명사
초급,순서,를 매기다,명사
초급,숟가락,을 들다,명사
초급,술01,을 마시다,명사
초급,술집,에서 술을 마시다,명사
초급,숫자,를 세다,명사
초급,쉬다03,그늘에서,동사
초급,쉬다04,숨을,동사
초급,쉰,숫자,수사·관형사
초급,쉽다,문제가 ,형용사
초급,슈퍼마켓,에서 사다,명사
초급,스무,숫자,관형사
초급,스물,숫자,수사
초급,스스로,나 스스로,부사/명사
초급,스웨터,를 입다,명사
초급,스카프,를 매다,명사
초급,스케이트,를 신다,명사
초급,스키,를 신다,명사
초급,스키장,에서 놀다,명사
초급,스타,인기 스타,명사
초급,스트레스,를 풀다,명사
초급,스파게티,음식,명사
초급,스포츠,스포츠 경기,명사
초급,슬퍼하다,이별을,동사
초급,슬프다,마음이,형용사
초급,슬픔,에 잠기다,명사
초급,습관,을 기르다,명사
초급,시06,서울시,명사
초급,시10,몇 시/태어난 시,명사/의존명사
초급,시간04,이 걸리다,명사/의존명사
초급,시간표,를 짜다,명사
초급,시계02,시간,명사
초급,시골,에 살다,명사
초급,시끄럽다,소리가,형용사
초급,시내03,시외,명사
초급,시다01,맛이,형용사
초급,시민,을 설득하다,명사
초급,시어머니,를 모시다,명사
초급,시원하다,공기가,형용사
초급,시월01,달(월),명사
초급,시작01,끝,명사
초급,시장04,에 가다,명사
초급,시청01,시청 공무원,명사
초급,시키다01,일을,동사
초급,시험03,을 보다,명사
초급,식구01,가족,명사
초급,식다01,국이,동사
초급,식당,에서 식사하다,명사
초급,식빵,을 먹다,명사
초급,식사03,를 하다,명사
초급,식초,를 넣다,명사
초급,식탁,을 차리다,명사
초급,식품01,을 섭취하다,명사
초급,신다,양말을,동사
초급,신랑02,신부,명사
초급,신문10,을 읽다,명사
초급,신발,을 신다,명사
초급,신부10,신랑,명사
초급,신분증,을 확인하다,명사
초급,신선하다03,과일이,형용사
초급,신청01,을 받다,명사
초급,신호01,를 기다리다,명사
초급,신호등,을 기다리다,명사
초급,신혼여행,을 떠나다,명사
초급,싣다01,짐을,동사
초급,실례01,가 되다,명사
초급,실수01,를 하다,명사
초급,실패02,성공,명사
초급,싫다01,일이,형용사
초급,싫어하다,몹시 싫어하다,동사
초급,심다01,나무를,동사
초급,심심하다01,지루하고 심심하다,형용사
초급,심하다,장난이,형용사
초급,십,숫자,수사/관형사
초급,십만,숫자,수사·관형사
초급,십이월,달(월),명사
초급,십일월,달(월),명사
초급,싱겁다,맛이,형용사
초급,싸다01,짐을,동사
초급,싸다05,가격이,형용사
초급,싸우다,친구와,동사
초급,쌀,보리,명사
초급,쌀쌀하다,날씨가,형용사
초급,쌓다,물건을,동사
초급,썰다01,오이를,동사
초급,쓰다01,글자를,동사
초급,쓰다02,모자를,동사
초급,쓰다03,컴퓨터를,동사
초급,쓰다06,맛이,형용사
초급,쓰레기,를 줍다,명사
초급,쓰레기통,을 버리다,명사
초급,씨07,마이클 씨,의존명사
초급,씹다01,껌을,동사
초급,씻다,손을,동사
초급,아02,"아, 그래요?",감탄사
초급,아가씨,아줌마,명사
초급,아기01,가 울다,명사
초급,아까,아까 먹다,부사/명사
초급,아나운서,직업,명사
초급,아내01,남편,명사
초급,아니02,대답,감탄사
초급,아니다,−,형용사
초급,아니요,대답,감탄사
초급,아들,을 낳다,명사
초급,아래01,위치,명사
초급,아래쪽,방향,명사
초급,아르바이트,를 구하다,명사
초급,아름답다,모습이,형용사
초급,아마01,아마 -을 것이다,부사
초급,아무01,아무도/아무 데도,관형사/대명사
초급,아무것,이나 괜찮다,명사
초급,아무리,아무리 아이라고 해도,부사
초급,아버님,가족,명사
초급,아버지,가족,명사
초급,아빠,가족,명사
초급,아이01,어른,명사
초급,아이스크림,을 먹다,명사
초급,아저씨,아주머니,명사
초급,아주01,아주 쉽다,부사
초급,아주머니,아저씨,명사
초급,아줌마,아주머니,명사
초급,아직01,아직 없다,부사
초급,아침,이 되다,명사
초급,아파트,에 살다,명사
초급,아프다,다리가,형용사
초급,아홉,숫자,수사/관형사
초급,아흔,숫자,수사/관형사
초급,악기05,를 연주하다,명사
초급,안01,밖,명사
초급,안02,안 춥다,부사
초급,안개,가 끼다,명사
초급,안경03,을 쓰다,명사
초급,안내01,관광,명사
초급,안내문,을 받다,명사
초급,안녕,친구야! 안녕.,명사/감탄사
초급,안녕히,안녕히 계세요,부사
초급,안다01,아기를,동사
초급,안되다01,공부가,동사
초급,안전03,을 지키다,명사
초급,안쪽,바깥쪽,명사
초급,앉다,의자에,동사
초급,알다,사실을,동사
초급,알리다,사실을,동사
초급,알맞다,크기가 ,형용사
초급,알아보다,정보를,동사
초급,앞,으로 나가다,명사
초급,앞쪽,으로 향하다,명사
초급,애02,어른,명사
초급,애인02,연인,명사
초급,앨범,사진,명사
초급,야04,"야, 같이 가자",감탄사
초급,야구02,축구,명사
초급,야채,를 먹다,명사
초급,약03,약 1시간,관형사
초급,약07,을 먹다,명사
초급,약간,약간 크다,부사/명사
초급,약국02,에 가다,명사
초급,약사04,가 되다,명사
초급,약속,을 지키다,명사
초급,약하다01,힘이,형용사
초급,얇다,두께가,형용사
초급,양말01,을 신다,명사
초급,양복01,을 입다,명사
초급,양식03,한식,명사
초급,양식집,에 가다,명사
초급,양치질,을 하다,명사
초급,얘기,를 들려주다,명사
초급,어02,"어, 이게 뭐야?",감탄사
초급,어깨01,신체,명사
초급,어느01,어느 나라,관형사
초급,어둡다,조명이,형용사
초급,어디01,어디예요?,대명사
초급,어떠하다,생각이,형용사
초급,어떤,어떤 느낌,관형사
초급,어떻다,마음이,형용사
초급,어렵다,문제가 ,형용사
초급,어른01,이 되다,명사
초급,어리다03,나이가,형용사
초급,어린아이,와 놀다,명사
초급,어린이01,사람,명사
초급,어머니01,가족,명사
초급,어머님,가족,명사
초급,어서01,어서 일어나,부사
초급,어울리다,사람들과,동사
초급,어제01,오늘,부사/명사
초급,어젯밤,시간,명사
초급,억04,숫자,수사·관형사
초급,언니,가족,명사
초급,언어01,로 표현하다,명사
초급,언제01,언제예요?,대명사/부사
초급,언제나,언제나 함께,부사
초급,얻다01,물건을 ,동사
초급,얼굴01,신체,명사
초급,얼다01,얼음이,동사
초급,얼마,얼마예요?,명사
초급,얼마나,얼마나 예쁜지,부사
초급,얼음01,이 녹다,명사
초급,엄마,가족,명사
초급,없다01,재미가,형용사/동사
초급,엉덩이,신체,명사
초급,에어컨,을 켜다,명사
초급,엘리베이터,를 타다,명사
초급,여권02,을 발급하다,명사
초급,여기01,장소,대명사
초급,여기저기,장소,명사
초급,여덟,숫자,수사·관형사
초급,여동생,가족,명사
초급,여든,숫자,수사·관형사
초급,여러,여러 나라,관형사
초급,여러분,국민 여러분,대명사
초급,여름01,계절,명사
초급,여보세요,전화,감탄사
초급,여섯,숫자,수사·관형사
초급,여성01,남성,명사
초급,여자02,남자,명사
초급,여쭙다,선생님께,동사
초급,여학생,남학생,명사
초급,여행02,을 가다,명사
초급,여행사,에서 일하다,명사
초급,여행지,로 떠나다,명사
초급,역14,에 내리다,명사
초급,역사04,한국의,명사
초급,역시01,나 역시,부사
초급,연결01,을 끊다,명사
초급,연극,을 보다,명사
초급,연락02,을 주다,명사
초급,연락처,를 남기다,명사
초급,연말01,이 되다,명사
초급,연세02,가 드시다,명사
초급,연습03,피아노 연습,명사
초급,연예인,직업,명사
초급,연필,로 쓰다,명사
초급,연휴02,연휴 동안 쉬다,명사
초급,열03,숫자,수사·관형사
초급,열07,이 나다,명사
초급,열다02,문을,동사
초급,열리다02,문이,동사
초급,열쇠,로 열다,명사
초급,열심히,열심히 공부하다,부사
초급,열차02,를 타다,명사
초급,열흘,시간,명사
초급,엽서02,를 보내다,명사
초급,영14,숫자,명사
초급,영국01,나라,명사
초급,영수증,을 받다,명사
초급,영어02,언어,명사
초급,영하,로 떨어지다,명사
초급,영화01,를 보다,명사
초급,영화관01,에 가다,명사
초급,영화배우,직업,명사
초급,옆,오른쪽 옆,명사
초급,옆집,에 살다,명사
초급,예06,대답,감탄사
초급,예매01,영화표 예매,명사
초급,예쁘다,얼굴이,형용사
초급,예순,숫자,수사·관형사
초급,예술,예술 작품,명사
초급,예습,복습,명사
초급,예약,호텔 예약,명사
초급,옛01,옛 친구,관형사
초급,옛날,먼 옛날,명사
초급,오04,숫자,수사·관형사
초급,오늘,시간,부사/명사
초급,오다01,한국에,동사
초급,오래02,오래 쓰다,부사
초급,오래간만,오래간만에 만나다,명사
초급,오래되다,집이 ,형용사
초급,오랜만,오랜만에 만나다,명사
초급,오랫동안,오랫동안 사귀다,명사
초급,오렌지,과일,명사
초급,오르다,값이,동사
초급,오른손,왼손,명사
초급,오른쪽,왼쪽,명사
초급,오빠,가족,명사
초급,오십,숫자,수사/관형사
초급,오월01,달(월),명사
초급,오이01,채소,명사
초급,오전02,오후,명사
초급,오후02,오전,명사
초급,온도,가 높다,명사
초급,올라가다,나무에,동사
초급,올라오다,산에,동사
초급,올리다01,값을,동사
초급,올림01,편지,명사
초급,올림픽,올림픽 경기,명사
초급,올해,시간,명사
초급,옳다01,생각이,형용사
초급,옷01,을 입다,명사
초급,옷걸이,에 걸다,명사
초급,옷장02,에 넣다,명사
초급,와02,"와, 정말 반갑다",감탄사
초급,와이셔츠,를 입다,명사
초급,완전히,완전히 끝나다,부사
초급,왕04,이 되다,명사
초급,왜02,왜 그래?,부사
초급,왜냐하면,−,부사
초급,외국02,에 가다,명사
초급,외국어,로 말하다,명사
초급,외국인,을 만나다,명사
초급,외롭다,삶이,형용사
초급,외우다01,단어를,동사
초급,외출,을 준비하다,명사
초급,왼손,오른손,명사
초급,왼쪽,오른쪽,명사
초급,요금01,전화 요금,명사
초급,요리05,방법,명사
초급,요리사,직업,명사
초급,요일,시간,명사
초급,요즘,시간,명사
초급,우동02,을 먹다,명사
초급,우리03,우리 가족,대명사
초급,우리나라,우리나라 사람,명사
초급,우산01,을 쓰다,명사
초급,우선02,먼저,부사
초급,우유02,를 마시다,명사
초급,우체국,에 가다,명사
초급,우표,를 붙이다,명사
초급,운동02,운동 시설,명사
초급,운동복,을 입다,명사
초급,운동장,을 뛰다,명사
초급,운동화,를 신다,명사
초급,운전02,초보 운전,명사
초급,운전사,직업,명사
초급,울다01,아기가,동사
초급,울산01,도시,명사
초급,울음,을 그치다,명사
초급,움직이다,몸을,동사
초급,웃다,활짝 웃다,동사
초급,웃음,이 나다,명사
초급,원01,천 원,의존명사
초급,원피스,를 입다,명사
초급,원하다02,도움을 ,동사
초급,월02,몇 월,명사/의존명사
초급,월급,을 받다,명사
초급,월요일,요일,명사
초급,위01,아래,명사
초급,위쪽,을 향하다,명사
초급,위치01,를 정하다,명사
초급,위험,이 닥치다,명사
초급,유리10,가 깨지다,명사
초급,유명01,유명 가수,명사
초급,유월01,달(월),명사
초급,유치원,에 입학하다,명사
초급,유학04,을 가다,명사
초급,유학생01,유학생 신분,명사
초급,유행02,을 따르다,명사
초급,육02,숫자,수사/관형사
초급,육교02,를 건너다,명사
초급,육십,숫자,수사/관형사
초급,윷놀이,를 하다,명사
초급,은행02,에 입금하다,명사
초급,음01,"음, 그럴 듯하다",감탄사
초급,음료,를 마시다,명사
초급,음료수,물,명사
초급,음식,을 먹다,명사
초급,음식점,에서 식사하다,명사
초급,음악01,을 듣다,명사
초급,음악가,가 연주하다,명사
초급,응01,대답,감탄사
초급,의미02,가 있다,명사
초급,의사12,치과 의사,명사
초급,의자03,에 앉다,명사
초급,이03,를 닦다,명사
초급,이05,"그, 저 ",대명사/관형사
초급,이09,둘 ,수사/관형사
초급,이거01,이것,대명사
초급,이것,−,대명사
초급,이곳,장소,대명사
초급,이기다01,경기에서,동사
초급,이날,이날 공연,명사
초급,이다03,책이다,조사
초급,이따가,이따가 가다,부사
초급,이때,를 놓치다,명사
초급,이런01,이런 일,관형사
초급,이렇다,결과가,형용사
초급,이르다03,빠르다,형용사
초급,이름,을 묻다,명사
초급,이마01,신체,명사
초급,이모02,친척,명사
초급,이미01,이미 끝나다,부사
초급,이번01,이번 주,명사
초급,이분01,그분,대명사
초급,이불01,을 덮다,명사
초급,이사14,를 가다,명사
초급,이삿짐,을 싸다,명사
초급,이상05,한 시간 이상,명사
초급,이상12,이상 기온,명사
초급,이십,숫자,수사/관형사
초급,이야기,를 들려주다,명사
초급,이용01,이 많다,명사
초급,이웃,이웃 나라,명사
초급,이월01,달(월),명사
초급,이유04,를 묻다,명사
초급,이전03,이전의 경험,명사
초급,이제01,이제부터,명사/부사
초급,이쪽02,으로 향하다,대명사
초급,이틀01,이 지나다,명사
초급,이해06,가 쉽다,명사
초급,이후02,이후의 삶,명사
초급,익다01,과일이 ,동사
초급,익숙하다,기계에,형용사
초급,인기01,가 많다,명사
초급,인도네시아,나라,명사
초급,인분,삼 인분,의존명사
초급,인사02,아침 인사,명사
초급,인삼,을 달이다,명사
초급,인정받다,능력을,동사
초급,인천02,지명,명사
초급,인터넷,에 접속하다,명사
초급,인형01,인형 놀이,명사
초급,일01,이 쌓이다,명사
초급,일05,숫자,수사/관형사
초급,일07,삼 일,명사/의존명사
초급,일곱,숫자,수사/관형사
초급,일기12,를 쓰다,명사
초급,일본02,나라,명사
초급,일부02,일부 지역,명사
초급,일식04,음식,명사
초급,일식집,에서 먹다,명사
초급,일어나다,일찍 일어나다,동사
초급,일어서다,자리에서 ,동사
초급,일요일,요일,명사
초급,일월01,달(월),명사
초급,일주일,이 걸리다,명사
초급,일찍,일찍 일어나다,부사
초급,일흔,숫자,수사·관형사
초급,읽다,책을,동사
초급,잃다,물건을,동사
초급,잃어버리다,물건을 ,동사
초급,입,을 열다,명사
초급,입구02,지하철,명사
초급,입다01,옷을,동사
초급,입술,신체,명사
초급,입원01,입원 환자,명사
초급,입장권,을 사다,명사
초급,입학,대학 입학,명사
초급,입학시험,에 합격하다,명사
초급,있다01,집에,동사/형용사
초급,잊다01,번호를,동사
초급,잊어버리다,번호를,동사
초급,잎01,이 떨어지다,명사
초급,자기소개,를 하다,명사
초급,자꾸01,자꾸 반복하다,부사
초급,자다01,잠을,동사
초급,자동차,를 운전하다,명사
초급,자동판매기,를 누르다,명사
초급,자라다01,나무가,동사
초급,자랑01,을 하다,명사
초급,자르다01,머리를,동사
초급,자리01,에 앉다,명사
초급,자세히,자세히 알다,부사
초급,자식01,을 기르다,명사
초급,자신01,나 자신,명사
초급,자연01,으로 돌아가다,명사/부사
초급,자유03,를 누리다,명사
초급,자장면,음식,명사
초급,자전거,를 타다,명사
초급,자주01,자주 만나다,부사
초급,자판기,커피 자판기,명사
초급,작년,시간,명사
초급,작다01,얼굴이,형용사
초급,잔03,커피 잔,명사
초급,잔치01,생일 잔치,명사
초급,잘02,잘 알다,부사
초급,잘되다,일이,동사
초급,잘못,이 많다,부사/명사
초급,잘못되다,순서가,동사
초급,잘못하다,선택을,동사
초급,잘생기다,얼굴이,형용사
초급,잘하다,외국어를,동사
초급,잠01,을 자다,명사
초급,잠깐,잠깐 기다리다,부사/명사
초급,잠시,잠시 기다리다,부사/명사
초급,잠자다,새근새근 잠자다,동사
초급,잡다01,손을,동사
초급,잡수시다,진지를,동사
초급,잡지,를 보다,명사
초급,잡채,음식,명사
초급,장21,한 장,의존명사
초급,장갑01,을 끼다,명사
초급,장난감,을 가지고 놀다,명사
초급,장마01,가 오다,명사
초급,장미05,꽃,명사
초급,장소05,를 정하다,명사
초급,재료01,를 준비하다,명사
초급,재미01,가 있다,명사
초급,재미없다,이야기가,형용사
초급,재미있다,이야기가,형용사
초급,재채기,가 나오다,명사
초급,저03,사람(1인칭),대명사
초급,저04,이도 저도,대명사/관형사
초급,저05,"저, 있잖아요.",감탄사
초급,저거01,저것,대명사
초급,저것,−,대명사
초급,저곳,장소,대명사
초급,저금,을 하다,명사
초급,저기01,장소,대명사
초급,저녁,이 되다,명사
초급,저런01,그런,관형사
초급,저렇다,−,형용사
초급,저번02,저번 주,명사
초급,저분01,이분,대명사
초급,저쪽,방향,대명사
초급,저희01,저희 회사,대명사
초급,적다01,이름을,동사
초급,적다02,양이,형용사
초급,적당하다02,가격이 ,형용사
초급,전07,전 세계,관형사
초급,전08,오래 전,명사/관형사
초급,전공05,을 결정하다,명사
초급,전기15,가 끊기다,명사
초급,전부05,전부 모이다,명사/부사
초급,전철04,을 타다,명사
초급,전체01,전체 국민,명사
초급,전하다,편지를,동사
초급,전혀01,전혀 모르다,부사
초급,전화07,를 걸다,명사
초급,전화기,가 울리다,명사
초급,전화번호,를 묻다,명사
초급,젊다,나이가,형용사
초급,점수06,가 높다,명사
초급,점심,에 만나다,명사
초급,점심때,가 되다,명사
초급,점심시간,이 되다,명사
초급,점점01,점점 추워지다,부사
초급,접다01,종이를,동사
초급,접시,에 담다,명사
초급,젓가락,을 쓰다,명사
초급,정거장,버스 정거장,명사
초급,정도11,어느 정도,명사
초급,정류장,버스 정류장,명사
초급,정리09,책상 정리,명사
초급,정말01,정말 좋다,명사/부사
초급,정문03,으로 다니다,명사
초급,정신없이,정신없이 일하다,부사
초급,정원06,을 가꾸다,명사
초급,정하다03,약속을 ,동사
초급,정형외과,에서 치료하다,명사
초급,정확01,발음이,명사
초급,젖다01,옷이 ,동사
초급,제01,사람(1인칭),대명사
초급,제목02,을 짓다,명사
초급,제일04,제일 좋아하다,명사/부사
초급,제주도01,지명,명사
초급,조금01,조금 먹다,명사/부사
초급,조금씩,조금씩 가다,부사
초급,조심02,운전 조심,명사
초급,조용하다01,집이 ,형용사
초급,조용히,조용히 말하다,부사
초급,조카,가족,명사
초급,졸다01,깜빡 졸다,동사
초급,졸업,입학,명사
초급,좀02,좀 비싸다,부사
초급,좁다01,방이,형용사
초급,종류,가 다양하다,명사
초급,종업원,직업,명사
초급,종이01,에 쓰다,명사
초급,좋다01,날씨가,형용사
초급,좋아하다,꽃을,동사
초급,죄송하다,마음이,형용사
초급,주26,이번 주 ,의존명사/명사
초급,주다01,선물을 ,동사
초급,주로01,주로 말하다,부사
초급,주말02,을 보내다,명사
초급,주머니,에 넣다,명사
초급,주무시다,잠을,동사
초급,주문04,을 받다,명사
초급,주변04,주변 환경,명사
초급,주부03,로 살다,명사
초급,주사13,를 맞다,명사
초급,주소01,를 적다,명사
초급,주스,를 마시다,명사
초급,주위02,눈 주위,명사
초급,주인01,가게 주인,명사
초급,주일03,이번 주일,명사/의존명사
초급,주차04,주차 위반,명사
초급,주차장,에 세우다,명사
초급,주황색,색깔,명사
초급,죽다01,사람이,동사
초급,준비,출근 준비,명사
초급,줄01,을 감다,명사
초급,줄다,크기가 ,동사
초급,줄이다,소리를,동사
초급,줍다01,쓰레기를,동사
초급,중04,회의 중,의존명사
초급,중간01,집과 학교의 중간,명사
초급,중국01,나라 ,명사
초급,중국집,에 주문하다,명사
초급,중심01,서울의 중심,명사
초급,중앙01,무대 중앙,명사
초급,중요02,중요 자료,명사
초급,중학교,에 입학하다,명사
초급,중학생,이 되다,명사
초급,즐거워하다,매우 즐거워하다,동사
초급,즐겁다,마음이,형용사
초급,즐기다01,휴가를 ,동사
초급,지각05,을 하다,명사
초급,지갑03,에 넣다,명사
초급,지금03,지금부터 ,명사/부사
초급,지나가다,시간이,동사
초급,지나다,시간이,동사
초급,지난달,시간,명사
초급,지난번,시간,명사
초급,지난주,시간,명사
초급,지난해,시간,명사
초급,지내다01,잘 지내다,동사
초급,지다03,경기에서,동사
초급,지도03,를 보다,명사
초급,지루하다01,수업이,형용사
초급,지르다03,소리를,동사
초급,지방05,남쪽 지방,명사
초급,지우개,로 지우다,명사
초급,지우다01,지우개로,동사
초급,지키다01,나라를,동사
초급,지하,로 내려가다,명사
초급,지하도,를 건너다,명사
초급,지하철,을 타다,명사
초급,지하철역,에 도착하다,명사
초급,직업,을 구하다,명사
초급,직원03,을 모집하다,명사
초급,직장05,에 다니다,명사
초급,직접,직접 만나다,명사/부사
초급,진짜,진짜 괜찮다,명사/부사
초급,진하다01,안개가,형용사
초급,질문,에 답하다,명사
초급,짐01,을 싸다,명사
초급,집01,에 살다,명사
초급,집들이,에 초대하다,명사
초급,집안일,을 보다,명사
초급,짓다01,집을,동사
초급,짜다03,맛이,형용사
초급,짜증,을 내다,명사
초급,짝01,을 맞추다,명사
초급,짧다,다리가,형용사
초급,짬뽕,음식,명사
초급,쪽05,방향,의존명사
초급,찌개01,를 끓이다,명사
초급,찌다01,살이,동사
초급,찌다05,감자를,동사
초급,찍다02,도장을,동사
초급,차05,자동차,명사
초급,차08,를 마시다,명사
초급,차갑다,물이,형용사
초급,차다01,공간이,동사
초급,차다02,공을,동사
초급,차다03,시계를,동사
초급,차다04,바람이,형용사
초급,차례01,지키다,명사
초급,착하다,마음이,형용사
초급,찬물01,을 마시다,명사
초급,참01,참 좋다,부사
초급,참다,기침을,동사
초급,참외01,과일,명사
초급,창문,을 열다,명사
초급,찾다,지갑을,동사
초급,찾아가다,교실로,동사
초급,찾아보다,수첩을,동사
초급,찾아오다,손님이,동사
초급,채소,를 먹다,명사
초급,책01,을 읽다,명사
초급,책상01,가구,명사
초급,책장02,가구,명사
초급,처음,처음 시작하다,명사
초급,천03,숫자,수사·관형사
초급,천만01,숫자,수사·관형사/명사/부사
초급,천천히,천천히 가다,부사
초급,첫,첫 만남,관형사
초급,첫날,새해 첫날,명사
초급,첫째,첫째 시간,수사·관형사/명사
초급,청년,젊은 청년,명사
초급,청바지,를 입다,명사
초급,청소06,화장실 청소,명사
초급,청소년,청소년 시절,명사
초급,체육관,실내 체육관,명사
초급,체크무늬,체크무늬 남방,명사
초급,쳐다보다,하늘을,동사
초급,초03,초기,의존명사
초급,초07,시간,의존명사
초급,초대06,를 하다,명사
초급,초대장,을 보내다,명사
초급,초등학교,에 입학하다,명사
초급,초등학생,이 되다,명사
초급,초록색,색깔,명사
초급,초콜릿,을 먹다,명사
초급,최고02,최고 점수,명사
초급,최근,에 들다,명사
초급,추다02,춤을,동사
초급,추석01,명절,명사
초급,축구04,운동,명사
초급,축구공,을 차다,명사
초급,축하,축하 파티,명사
초급,출구01,로 나가다,명사
초급,출근,퇴근,명사
초급,출발,도착,명사
초급,출석,을 부르다,명사
초급,출입,을 통제하다,명사
초급,출입국,출입국 사무소,명사
초급,출장01,을 가다,명사
초급,출퇴근,을 하다,명사
초급,춤01,을 추다,명사
초급,춤추다,가수들이,동사
초급,춥다,날씨가,형용사
초급,충분하다01,시간이,형용사
초급,취미04,취미 생활,명사
초급,취소01,예약 취소,명사
초급,취직,이 되다,명사
초급,층02,10층 건물,명사
초급,치과,병원,명사
초급,치다02,책상을,동사
초급,치료,를 받다,명사
초급,치마01,를 입다,명사
초급,치약,을 짜다,명사
초급,치킨,음식,명사
초급,친구02,를 만나다,명사
초급,친절,로 대하다,명사
초급,친척,이 모이다,명사
초급,친하다,친구와,형용사
초급,칠01,숫자,수사/관형사
초급,칠십,숫자,수사/관형사
초급,칠월,달(월),명사
초급,칠판,에 쓰다,명사
초급,침대02,가구,명사
초급,침실,에서 자다,명사
초급,칫솔,로 이를 닦다,명사
초급,칭찬,을 듣다,명사
초급,카드,를 쓰다,명사
초급,카레,음식,명사
초급,카메라,로 찍다,명사
초급,카페,에서 만나다,명사
초급,칼01,로 자르다,명사
초급,칼국수,음식,명사
초급,캐나다,나라,명사
초급,커피,를 마시다,명사
초급,커피숍,에서 만나다,명사
초급,컴퓨터,컴퓨터 게임,명사
초급,컵,을 닦다,명사
초급,케이크,를 먹다,명사
초급,켜다01,불을,동사
초급,켜다02,바이올린을,동사
초급,켤레02,한 켤레,의존명사
초급,코01,가 높다,명사
초급,코끼리,동물,명사
초급,콘서트,를 보다,명사
초급,콜라,를 마시다,명사
초급,콧물,이 나오다,명사
초급,콩01,식물,명사
초급,크기,가 크다,명사
초급,크다01,크기가 ,형용사/동사
초급,크리스마스,크리스마스 트리,명사
초급,큰소리01,가 들리다,명사
초급,키01,키가 큰 사람,명사
초급,키우다,강아지를,동사
초급,킬로그램,단위,의존명사
초급,킬로미터,단위,의존명사
초급,타다01,불에,동사
초급,타다02,차에,동사
초급,타다03,커피를,동사
초급,탁구,를 치다,명사
초급,탕수육,음식,명사
초급,태국,나라,명사
초급,태권도,를 배우다,명사
초급,태극기,를 달다,명사
초급,태도03,가 좋다,명사
초급,태어나다,아이가,동사
초급,태풍,이 불다,명사
초급,택배,로 보내다,명사
초급,택시,를 타다,명사
초급,터미널,에서 내리다,명사
초급,테니스,를 치다,명사
초급,테니스장,에서 연습핟,명사
초급,테이블,에 놓다,명사
초급,텔레비전,을 보다,명사
초급,토끼,동물,명사
초급,토마토,채소,명사
초급,토요일,요일,명사
초급,통장02,을 만들다,명사
초급,통화04,전화 통화,명사
초급,퇴근,출근,명사
초급,퇴원01,퇴원 수속,명사
초급,튀기다02,기름에,동사
초급,튀김01,을 먹다,명사
초급,트럭,을 타다,명사
초급,특별하다,관심이,형용사
초급,특별히,특별히 좋아하다,부사
초급,특히,특히 좋아하다,부사
초급,튼튼하다,몸이,형용사
초급,틀다,텔레비전을,동사
초급,틀리다01,답이,동사
초급,티셔츠,를 입다,명사
초급,팀01,을 이루다,명사
초급,파란색,색깔,명사
초급,파랗다,하늘이,형용사
초급,파티,를 열다,명사
초급,팔01,신체,명사
초급,팔03,숫자,수사/관형사
초급,팔다,책을,동사
초급,팔리다,물건이,동사
초급,팔십,숫자,수사/관형사
초급,팔월,달(월),명사
초급,펴다,책을,동사
초급,편리03,고객의 편리,명사
초급,편안01,을 바라다,명사
초급,편의점,에서 사다,명사
초급,편지02,를 쓰다,명사
초급,편찮다,할아버지께서,형용사
초급,편하다,마음이,형용사
초급,평소,와 같다,명사
초급,평일,주말,명사
초급,포도06,과일,명사
초급,포장01,선물 포장,명사
초급,표04,를 끊다,명사
초급,푸르다,나무가,형용사
초급,푹01,푹 자다,부사
초급,풀다,나사를,동사
초급,풍경01,을 보다,명사
초급,프라이팬,에 볶다,명사
초급,프랑스02,나라,명사
초급,프로그램,교육 프로그램,명사
초급,피02,를 흘리다,명사
초급,피곤,에 지치다,명사
초급,피다01,꽃이,동사
초급,피아노01,를 치다,명사
초급,피우다01,꽃을,동사
초급,피자,를 주문하다,명사
초급,필요,를 충족하다,명사
초급,필통,에 넣다,명사
초급,하나,숫자,수사/명사
초급,하늘01,이 높다,명사
초급,하늘색,색깔,명사
초급,하다01,운동을,동사
초급,-하다02,건강하다,접사
초급,하루01,를 보내다,명사
초급,하숙비,를 내다,명사
초급,하숙집,에 묵다,명사
초급,하얀색,색깔,명사
초급,하얗다,눈이,형용사
초급,하지만,−,부사
초급,학교,에 다니다,명사
초급,학기02,가 시작되다,명사
초급,학년,새 학년,명사
초급,학생,을 가르치다,명사
초급,학생증,을 제시하다,명사
초급,학원02,영어 학원,명사
초급,한01,한 명,관형사
초급,한가하다02,마음이,형용사
초급,한강01,지명,명사
초급,한국05,나라,명사
초급,한글01,을 쓰다,명사
초급,한두,한두 명,관형사
초급,한번,한번 해 보다,명사/부사
초급,한복,을 입다,명사
초급,한식04,을 먹다,명사
초급,한식집02,음식점,명사
초급,한옥,에 살다,명사
초급,한잔,한잔 마시다,명사
초급,한턱,을 내다,명사
초급,할머니,가족,명사
초급,할아버지,가족,명사
초급,할인01,할인 가격,명사
초급,함께,함께 놀다,부사
초급,항공,항공 운항,명사
초급,항공권,을 예약하다,명사
초급,항상,항상 같다,부사
초급,해01,가 뜨다,명사/의존명사
초급,해마다,해마다 만나다,부사
초급,해외,에 수출하다,명사
초급,해외여행,을 가다,명사
초급,햄버거,를 먹다,명사
초급,햇빛,이 비치다,명사
초급,행동,에 옮기다,명사
초급,행복02,을 빌다,명사
초급,행사01,에 참여하다,명사
초급,허리01,신체,명사
초급,헤어지다,친구와,동사
초급,헬스클럽,에서 운동하다,명사
초급,혀01,신체,명사
초급,현금04,을 인출하다,명사
초급,현재02,현재 하는 일,명사/부사
초급,형01,가족,명사
초급,형제01,아들 삼 형제,명사
초급,호14,사월 호 잡지,의존명사
초급,호랑이,동물,명사
초급,호수07,가 맑다,명사
초급,호텔,에 묵다,명사
초급,혹시01,만일,부사
초급,혼자01,살다,부사/명사
초급,홍차,를 마시다,명사
초급,화06,가 나다,명사
초급,화가03,직업,명사
초급,화나다,친구가,동사
초급,화내다,친구에게,동사
초급,화려하다,보석이,형용사
초급,화요일,요일,명사
초급,화장실,에 가다,명사
초급,화장품,을 바르다,명사
초급,환영02,을 받다,명사
초급,환자03,을 돌보다,명사
초급,환전01,달러 환전,명사
초급,활발히,활발히 활동하다,부사
초급,회08,여러 회,의존명사
초급,회사04,에 다니다,명사
초급,회사원,직업,명사
초급,회색01,색깔,명사
초급,회원,을 모집하다,명사
초급,회의04,가 열리다,명사
초급,횡단보도,를 건너다,명사
초급,후08,오 분 후,명사
초급,후배06,영화계 후배,명사
초급,훌륭하다,작품이,형용사
초급,훨씬,훨씬 많다,부사
초급,휴가01,를 가다,명사
초급,휴게실,에서 쉬다,명사
초급,휴대폰,으로 전화하다,명사
초급,휴일,에 쉬다,명사
초급,휴지02,를 줍다,명사
초급,휴지통,에 버리다,명사
초급,흐르다01,물이,동사
초급,흐리다02,공기가,형용사
초급,흔들다,손을,동사
초급,흘리다,눈물을,동사
초급,희망,희망 사항,명사
초급,흰색,색깔,명사
초급,힘01,이 세다,명사
초급,힘들다,일이,형용사
